School Year,School Level,School ID,School Name,State School ID,ZIP,"Pre-K, 3 Years","Pre-K, 4 Years",Kindergarten,Grade 1,Grade 2,Grade 3,Grade 4,Grade 5,Grade 6,Grade 7,Grade 8,Grade 9,Grade 10,Grade 11,Grade 12,American Indian or Alaska Native,Asian,Black or African American,Hispanic / Latino,Native Hawaiian or Other Pacific Islander,White,Male,Female,Economically Disadvantaged,Disability,Limited English Proficiency,Latitude,Longitude,Mapped Location
19-20,Elementary School,496,A. Z. Kelley Elementary,1,37013,,39,154,152,154,177,183,,,,,,,,,1,118,311,212,1,216,431,428,233,77,302,36.0218171181,-86.6588477794,"(36.0218171181, -86.6588477794)"
19-20,Elementary School,375,Alex Green Elementary,5,37189,,36,39,52,43,39,28,,,,,,,,,,,184,30,1,22,117,120,142,23,26,36.2529606982,-86.8322291988,"(36.2529606982, -86.8322291988)"
19-20,Elementary School,105,Amqui Elementary,10,37115,1,30,81,94,81,87,84,,,,,,,,,1,2,178,218,1,58,223,235,224,50,149,36.2737658523,-86.7038315283,"(36.2737658523, -86.7038315283)"
19-20,Elementary School,460,Andrew Jackson Elementary,15,37138,5,27,100,95,88,90,104,,,,,,,,,1,22,154,67,2,263,264,245,105,67,34,36.2315846536,-86.6237746868,"(36.2315846536, -86.6237746868)"
19-20,High School,110,Antioch High School,20,37013,,,,,,,,,,,,490,489,497,507,1,83,657,848,1,393,1079,904,584,194,651,36.0466746426,-86.5994183274,"(36.0466746426, -86.5994183274)"
19-20,Middle School,111,Antioch Middle,23,37013,,,,,,,,92,230,252,211,,,,,1,66,237,373,3,105,395,390,336,104,384,36.0553789673,-86.6718298856,"(36.0553789673, -86.6718298856)"
19-20,Middle School,577,Apollo Middle,25,37013,,,,,,,,180,208,218,210,,,,,2,37,234,401,,142,410,406,316,98,395,36.0668779764,-86.6640697109,"(36.0668779764, -86.6640697109)"
19-20,Middle School,130,Bellevue Middle,40,37221,,,,,,,,143,167,149,157,,,,,,23,206,85,1,301,317,299,178,97,66,36.0707487921,-86.9348203609,"(36.0707487921, -86.9348203609)"
19-20,Elementary School,135,Bellshire Elementary,45,37207,11,40,60,65,54,48,69,,,,,,,,,,4,271,37,,35,162,185,223,45,37,36.2696876639,-86.7623002629,"(36.2696876639, -86.7623002629)"
19-20,Charter,118,Brick Church College Prep,118,37207,,,,,,,,90,76,94,76,,,,,1,2,277,41,,15,181,155,232,8,58,36.2207385771,-86.7817524484,"(36.2207385771, -86.7817524484)"
19-20,Elementary School,165,Buena Vista Elementary,70,37208,,30,25,29,39,35,49,,,,,,,,,,,197,3,1,6,110,97,167,23,3,36.1777411585,-86.7981380508,"(36.1777411585, -86.7981380508)"
19-20,Elementary School,419,Cambridge Early Learning Center,7005,37013,,136,,,,,,,,,,,,,,,4,77,21,,34,75,61,37,8,,36.0603500916,-86.641017433,"(36.0603500916, -86.641017433)"
19-20,Elementary School,184,Cane Ridge Elementary,82,37013,,35,109,106,120,98,89,51,,,,,,,,1,25,301,139,1,141,315,293,235,43,215,36.0397196657,-86.6181506279,"(36.0397196657, -86.6181506279)"
19-20,High School,182,Cane Ridge High School,77,37013,,,,,,,,,,,,489,422,518,440,2,136,752,655,3,321,1002,867,560,199,560,36.0302884296,-86.621230214,"(36.0302884296, -86.621230214)"
19-20,Elementary School,185,Carter-Lawrence Elementary,670,37203,,20,38,47,50,56,62,,,,,,,,,,3,222,22,2,24,146,127,160,27,25,36.1436534419,-86.7858534926,"(36.1436534419, -86.7858534926)"
19-20,Elementary School,186,Casa Azafran Early Learning Center,7020,37211,7,73,,,,,,,,,,,,,,,9,17,35,,19,43,37,14,10,,36.1265171601,-86.7533987496,"(36.1265171601, -86.7533987496)"
19-20,Elementary School,200,Chadwell Elementary,105,37115,,19,61,56,55,61,80,,,,,,,,,2,3,174,112,,41,165,167,169,50,84,36.25637022,-86.7416710943,"(36.25637022, -86.7416710943)"
19-20,Elementary School,205,Charlotte Park Elementary,110,37209,2,40,85,87,95,94,99,,,,,,,,,,43,96,267,3,93,269,233,186,59,240,36.1512452389,-86.8837135472,"(36.1512452389, -86.8837135472)"
19-20,Elementary School,215,Cockrill Elementary,120,37209,5,31,61,49,52,53,62,,,,,,,,,,4,156,114,,39,151,162,168,40,81,36.1562064576,-86.8451449272,"(36.1562064576, -86.8451449272)"
19-20,Elementary School,225,Cole Elementary,130,37013,,64,139,134,148,136,135,,,,,,,,,,101,72,471,2,110,397,359,304,59,412,36.0583352576,-86.6986202084,"(36.0583352576, -86.6986202084)"
19-20,Special Education,448,Cora Howe School,443,37206,,,,,1,6,2,10,10,4,11,10,5,7,20,,1,53,3,,29,69,17,41,85,6,36.1889302687,-86.7345832942,"(36.1889302687, -86.7345832942)"
19-20,Middle School,783,Creswell Middle School of the Arts,700,37218,,,,,,,,89,106,90,81,,,,,1,,321,13,,31,137,229,153,40,4,36.1960632171,-86.8375393872,"(36.1960632171, -86.8375393872)"
19-20,Elementary School,235,Crieve Hall Elementary,145,37220,,,105,91,87,84,99,,,,,,,,,3,71,30,116,2,244,221,245,61,27,125,36.0657457496,-86.7581030533,"(36.0657457496, -86.7581030533)"
19-20,Middle School,238,Croft Middle,148,37211,,,,,,,,167,211,186,174,,,,,,20,142,365,1,210,380,358,231,82,317,36.0874749426,-86.7341476906,"(36.0874749426, -86.7341476906)"
19-20,Elementary School,240,Cumberland Elementary,150,37218,,1,56,47,54,54,58,,,,,,,,,,2,208,32,2,26,136,134,190,25,19,36.2120690993,-86.866568623,"(36.2120690993, -86.866568623)"
19-20,Elementary School,560,Dan Mills Elementary,160,37216,2,27,99,118,102,106,93,,,,,,,,,4,7,82,91,1,362,265,282,91,46,58,36.2186382608,-86.7170839527,"(36.2186382608, -86.7170839527)"
19-20,Elementary School,252,Dodson Elementary,165,37076,2,26,55,86,65,75,65,,,,,,,,,2,6,207,61,2,96,194,180,192,67,50,36.1909084815,-86.6033179312,"(36.1909084815, -86.6033179312)"
19-20,Middle School,260,Donelson Middle,175,37214,,,,,,,,190,189,220,178,,,,,1,14,355,155,2,250,393,384,352,116,148,36.1667225726,-86.656336234,"(36.1667225726, -86.656336234)"
19-20,Elementary School,265,Dupont Elementary,180,37138,,38,63,66,66,64,74,,,,,,,,,,4,95,48,1,223,183,188,149,45,20,36.2613820968,-86.652625791,"(36.2613820968, -86.652625791)"
19-20,Middle School,270,Dupont-Hadley Middle,190,37138,,,,,,,,142,161,148,157,,,,,1,9,202,78,,318,319,289,175,92,43,36.2497784913,-86.6427891084,"(36.2497784913, -86.6427891084)"
19-20,Middle School,275,Dupont-Tyler Middle,185,37076,,,,,,,,123,167,133,151,,,,,2,11,270,143,1,147,284,290,231,88,115,36.1996225114,-86.6125957599,"(36.1996225114, -86.6125957599)"
19-20,Elementary School,278,Eagle View Elementary,115,37013,,56,99,113,112,105,105,71,,,,,,,,3,18,349,193,1,97,342,319,252,61,233,,,
19-20,Elementary School,280,Eakin Elementary,195,37212,,,114,117,98,118,107,,,,,,,,,1,58,191,34,,270,272,282,87,70,37,36.1351431922,-86.8076066846,"(36.1351431922, -86.8076066846)"
19-20,Charter,286,East End Preparatory School,8009,37216,,,114,104,112,103,108,97,99,100,80,,,,,2,11,706,123,,75,431,486,391,93,43,36.2069950352,-86.7182717708,"(36.2069950352, -86.7182717708)"
19-20,Middle School,296,East Nashville Middle,296,37206,,,,,,,,83,80,81,88,,,,,2,2,308,10,1,9,157,175,174,35,5,36.1888616451,-86.7332427155,"(36.1888616451, -86.7332427155)"
19-20,High School,290,East Nashville School,203,37206,,,,,,,,,,,,158,168,179,176,1,5,640,13,,22,313,368,231,57,3,36.1806264426,-86.7504713705,"(36.1806264426, -86.7504713705)"
19-20,Charter,305,Explore Community School,8060,37206,,,104,92,91,92,80,,,,,,,,,2,4,250,24,,177,213,246,189,53,5,36.1743641454,-86.7516488877,"(36.1743641454, -86.7516488877)"
19-20,Elementary School,308,Fall-Hamilton Elementary,220,37203,11,48,50,58,62,54,37,,,,,,,,,,2,198,73,1,46,173,147,162,65,48,36.1334718393,-86.7662062825,"(36.1334718393, -86.7662062825)"
19-20,Elementary School,315,Gateway Elementary,235,37115,,,33,44,46,31,53,,,,,,,,,,4,68,86,1,48,101,106,103,20,67,36.2922088797,-86.7106601795,"(36.2922088797, -86.7106601795)"
19-20,Elementary School,320,Glencliff Elementary,240,37211,,31,118,105,120,116,104,,,,,,,,,3,18,69,402,1,101,303,291,191,37,333,36.101625851,-86.7230998317,"(36.101625851, -86.7230998317)"
19-20,High School,325,Glencliff High School,245,37211,,,,,,,,,,,,331,311,370,168,,53,212,727,,188,647,533,413,111,607,36.1014006831,-86.7274692859,"(36.1014006831, -86.7274692859)"
19-20,Elementary School,330,Glendale Elementary,250,37204,11,10,96,94,82,73,73,,,,,,,,,,6,26,45,,362,232,207,9,31,8,36.0959359228,-86.7839065582,"(36.0959359228, -86.7839065582)"
19-20,Elementary School,335,Glengarry Elementary,255,37217,1,20,63,92,68,80,75,,,,,,,,,1,2,51,290,1,54,200,199,162,31,256,36.1103898927,-86.7064250194,"(36.1103898927, -86.7064250194)"
19-20,Elementary School,345,Glenview Elementary,265,37217,,57,127,109,101,117,116,,,,,,,,,,4,89,419,,115,344,283,241,47,416,36.1275704726,-86.7063679645,"(36.1275704726, -86.7063679645)"
19-20,Elementary School,350,Goodlettsville Elementary,270,37072,2,33,62,68,63,64,68,,,,,,,,,6,14,136,92,4,108,190,170,121,48,61,36.3129393439,-86.7104870774,"(36.3129393439, -86.7104870774)"
19-20,Middle School,355,Goodlettsville Middle,275,37072,,,,,,,,153,136,165,145,,,,,1,17,248,207,2,124,310,289,246,82,158,36.3181505215,-86.7124640873,"(36.3181505215, -86.7124640873)"
19-20,Elementary School,360,Gower Elementary,280,37209,7,39,128,107,91,115,125,,,,,,,,,1,48,166,91,2,304,312,300,144,92,79,36.1153420518,-86.922286851,"(36.1153420518, -86.922286851)"
19-20,Middle School,365,Gra-Mar Middle,285,37216,,,,,,,,105,81,79,96,,,,,1,4,246,69,,41,212,149,214,64,86,36.2328428043,-86.7451605246,"(36.2328428043, -86.7451605246)"
19-20,Elementary School,370,Granbery Elementary,290,37027,,,143,181,147,130,148,,,,,,,,,4,87,109,136,1,412,385,364,122,63,138,36.0467903017,-86.753046003,"(36.0467903017, -86.753046003)"
19-20,Middle School,434,H.G. Hill Middle School,295,37205,,,,,,,,179,195,176,155,,,,,2,58,196,162,3,284,359,346,230,120,208,36.1163756827,-86.8667300076,"(36.1163756827, -86.8667300076)"
19-20,Elementary School,395,Harpeth Valley Elementary,300,37221,1,13,146,127,149,136,126,,,,,,,,,1,49,87,41,6,514,353,345,55,69,35,36.0455259589,-86.9580499609,"(36.0455259589, -86.9580499609)"
19-20,Special Education,397,Harris-Hillman Special Education,302,37212,12,24,2,2,7,2,5,5,5,3,4,7,5,4,91,,7,69,32,1,69,109,69,51,164,26,36.1375948541,-86.8076042098,"(36.1375948541, -86.8076042098)"
19-20,Elementary School,230,Hattie Cotton Elementary,140,37206,,19,44,48,44,48,36,,,,,,,,,,2,147,56,,34,124,115,123,27,43,36.1910704106,-86.7477215122,"(36.1910704106, -86.7477215122)"
19-20,Middle School,400,Haynes Middle,305,37207,,,,,,,,53,53,64,50,,,,,,,213,1,,6,115,105,158,45,,36.2076401818,-86.7891140421,"(36.2076401818, -86.7891140421)"
19-20,Elementary School,405,Haywood Elementary,310,37211,,50,104,120,121,107,117,,,,,,,,,1,88,67,397,2,64,321,298,231,43,394,36.074169073,-86.708069174,"(36.074169073, -86.708069174)"
19-20,Middle School,410,Head Middle,315,37203,,,,,,,,179,181,100,105,,,,,1,35,360,33,,136,294,271,118,31,43,36.1586049933,-86.8044055117,"(36.1586049933, -86.8044055117)"
19-20,Elementary School,552,Henry C Maxwell Elementary,318,37013,4,43,111,102,98,126,110,,,,,,,,,,64,122,250,,158,326,268,179,56,235,36.0308340173,-86.673952123,"(36.0308340173, -86.673952123)"
19-20,Elementary School,415,Hermitage Elementary,320,37076,3,25,56,65,46,59,46,,,,,,,,,,6,78,69,1,146,151,149,106,44,44,36.1979902099,-86.6353701384,"(36.1979902099, -86.6353701384)"
19-20,Elementary School,420,Hickman Elementary,327,37214,7,31,74,78,93,89,84,,,,,,,,,1,10,200,83,2,160,240,216,200,68,74,36.1649798716,-86.6574788374,"(36.1649798716, -86.6574788374)"
19-20,High School,435,Hillsboro High,335,37215,,,,,,,,,,,2,333,318,293,269,2,41,634,76,1,461,616,599,316,180,41,36.1070656078,-86.8122291617,"(36.1070656078, -86.8122291617)"
19-20,High School,440,Hillwood High,340,37205,,,,,,,,,,,,303,280,270,253,1,72,408,190,1,434,591,515,332,174,166,36.1188066874,-86.8739001973,"(36.1188066874, -86.8739001973)"
19-20,Elementary School,451,Hull-Jackson Elementary,350,37208,73,60,72,64,58,33,67,,,,,,,,,6,8,366,22,,25,214,213,178,44,4,36.1903186918,-86.8071782328,"(36.1903186918, -86.8071782328)"
19-20,High School,450,Hume-Fogg High,355,37203,,,,,,,,,,,,232,227,227,222,3,100,198,68,,539,347,561,56,27,8,36.1595246071,-86.781536017,"(36.1595246071, -86.781536017)"
19-20,High School,452,Hunters Lane High,358,37207,,,,,,,,,,,,393,346,334,244,1,10,540,563,4,199,732,585,542,143,358,36.2788275473,-86.7538434982,"(36.2788275473, -86.7538434982)"
19-20,Elementary School,175,Ida B. Wells Elementary,80,37207,,20,51,44,57,54,41,,,,,,,,,1,,248,11,1,6,137,130,194,24,26,36.1783097577,-86.769001134,"(36.1783097577, -86.769001134)"
19-20,Elementary School,455,Inglewood Elementary,360,37216,,39,33,35,33,41,27,,,,,,,,,,1,155,15,1,36,97,111,118,16,5,36.1978312773,-86.7238406355,"(36.1978312773, -86.7238406355)"
19-20,Charter,457,Intrepid College Prep Charter,8048,37013,,,,,,,,105,119,120,106,95,87,41,,,6,144,446,,77,343,330,182,59,343,36.0501591002,-86.6457200764,"(36.0501591002, -86.6457200764)"
19-20,Middle School,510,Isaac Litton Middle,365,37216,,,,,,,,121,120,118,105,,,,,2,5,171,53,1,232,246,218,132,79,34,36.2282154457,-86.7221587445,"(36.2282154457, -86.7221587445)"
19-20,Elementary School,152,Ivanetta H. Davis Learning Center at Bordeaux,7010,37218,26,132,,,,,,,,,,,,,,,2,123,12,,21,98,60,59,38,,36.1915875124,-86.832635707,"(36.1915875124, -86.832635707)"
19-20,Elementary School,310,J.E. Moss Elementary,370,37013,1,35,126,149,188,130,144,,,,,,,,,1,67,109,518,,78,402,371,290,62,427,36.0673533812,-86.6697465788,"(36.0673533812, -86.6697465788)"
19-20,Middle School,120,Jere Baxter Middle,375,37207,,,,,,,,83,60,61,71,,,,,,1,145,79,,50,146,129,187,49,70,36.2190280292,-86.7508830358,"(36.2190280292, -86.7508830358)"
19-20,Elementary School,465,Joelton Elementary,380,37080,,19,49,41,56,48,50,,,,,,,,,,3,37,22,,201,125,138,86,47,12,36.315679553,-86.8680398063,"(36.315679553, -86.8680398063)"
19-20,Middle School,470,Joelton Middle,385,37080,,,,,,,,66,82,65,81,,,,,1,,204,22,,67,172,122,193,56,12,36.3138460672,-86.8657762415,"(36.3138460672, -86.8657762415)"
19-20,Elementary School,790,John B. Whitsitt Elementary,390,37210,,26,81,88,84,82,79,,,,,,,,,2,10,48,309,,71,223,217,185,40,231,36.1150448454,-86.7356845538,"(36.1150448454, -86.7356845538)"
19-20,Middle School,285,John Early Middle,386,37208,,,,,,,,74,69,73,83,,,,,,6,251,35,,7,153,146,218,50,28,36.1871534218,-86.8047130677,"(36.1871534218, -86.8047130677)"
19-20,Middle School,498,John F. Kennedy Middle,393,37013,,,,,,,,167,219,206,215,,,,,2,18,333,302,1,151,404,403,250,78,327,36.0554667904,-86.6006047025,"(36.0554667904, -86.6006047025)"
19-20,High School,615,John Overton High,395,37220,,,,,,,,,,,,550,493,585,410,1,161,401,863,4,608,1087,951,608,165,800,36.0797992685,-86.7689945134,"(36.0797992685, -86.7689945134)"
19-20,Middle School,563,John Trotwood Moore Middle,490,37204,,,,,,,,187,220,180,189,,,,,1,24,229,34,2,486,432,344,167,106,25,36.0957722119,-86.801995019,"(36.0957722119, -86.801995019)"
19-20,Non-Traditional - Hybrid,480,Johnson Alternative Learning Center,740,37210,,,,,,,,,4,5,16,22,18,27,16,,1,59,32,,16,84,24,56,24,18,36.1453908839,-86.7640144621,"(36.1453908839, -86.7640144621)"
19-20,Elementary School,485,Jones Elementary,387,37208,,,31,41,42,45,45,,,,,,,,,,,199,5,,,102,102,94,24,1,36.181153731,-86.8013978855,"(36.181153731, -86.8013978855)"
19-20,Elementary School,380,Julia Green Elementary,415,37215,,,97,100,86,73,87,,,,,,,,,,30,15,18,3,377,233,210,12,30,12,36.1027239829,-86.8331193121,"(36.1027239829, -86.8331193121)"
19-20,Charter,512,KA @ The Crossings MS,8105,37013,,,,,,,,20,70,65,62,,,,,,6,82,79,,50,103,114,69,22,110,36.0450664576,-86.6515834105,"(36.0450664576, -86.6515834105)"
19-20,Charter,502,KIPP Academy Nashville,8002,37207,,,,,,,,100,96,91,90,,,,,,3,197,164,,13,203,174,201,53,124,36.1945359149,-86.7694392501,"(36.1945359149, -86.7694392501)"
19-20,Charter,499,KIPP Academy Nashville Elementary,8095,37206,,,78,84,90,79,71,,,,,,,,,1,4,364,13,,20,211,191,314,49,6,36.1674762595,-86.7519101749,"(36.1674762595, -86.7519101749)"
19-20,Charter,503,KIPP Nashville College Prep,8042,37207,,,,,,,,96,86,78,90,,,,,1,3,293,43,,10,178,172,170,54,38,36.2375074649,-86.8037065355,"(36.2375074649, -86.8037065355)"
19-20,Charter,501,KIPP Nashville College Prep Elementary,8085,37207,,,85,84,86,86,,,,,,,,,,,,306,25,,10,184,157,208,36,16,36.2382525836,-86.8036646566,"(36.2382525836, -86.8036646566)"
19-20,Charter,504,KIPP Nashville Collegiate High School,8011,37207,,,,,,,,,,,,136,123,101,71,,4,275,142,,10,213,218,170,62,64,36.1947984072,-86.7691857847,"(36.1947984072, -86.7691857847)"
19-20,Charter,511,Knowledge Academies High School,8065,37013,,,,,,,,,,,,48,55,51,51,1,4,81,78,,41,111,94,49,29,58,36.0452120214,-86.6518729615,"(36.0452120214, -86.6518729615)"
19-20,Charter,506,Knowledge Academy,8012,37013,,,,,,,,28,49,63,54,,,,,1,,57,102,,34,104,90,51,30,103,36.0454015353,-86.6519937155,"(36.0454015353, -86.6519937155)"
19-20,Elementary School,122,Lakeview Elementary,430,37217,15,43,102,102,91,105,106,,,,,,,,,,22,166,232,,144,296,268,226,77,240,36.0788149596,-86.6300723113,"(36.0788149596, -86.6300723113)"
19-20,Charter,508,LEAD Academy,8003,37208,,,,,,,,,,,,146,137,104,73,1,3,193,210,,53,218,242,208,57,184,36.1478854755,-86.7639512965,"(36.1478854755, -86.7639512965)"
19-20,Charter,181,LEAD Cameron,8010,37210,,,,,,,,183,178,187,168,,,,,,3,176,494,,43,378,338,346,85,469,36.148592789,-86.7639990186,"(36.148592789, -86.7639990186)"
19-20,Charter,507,LEAD Southeast,8013,37211,,,,,,,,147,129,130,121,112,95,70,,2,62,144,370,,226,395,409,265,80,478,36.0923357845,-86.7036708627,"(36.0923357845, -86.7036708627)"
19-20,Charter,517,Liberty Collegiate Academy,8005,37216,,,,,,,,101,104,127,95,,,,,1,1,137,263,,25,204,223,184,55,198,36.2120626994,-86.7329249332,"(36.2120626994, -86.7329249332)"
19-20,Elementary School,520,Lockeland Elementary,435,37206,,,61,58,59,58,58,,,,,,,,,,5,14,8,1,266,145,149,8,23,,36.1762250805,-86.7395204948,"(36.1762250805, -86.7395204948)"
19-20,Middle School,545,Madison Middle,622,37115,,,,,,,,145,160,140,124,,,,,,,331,161,,77,312,257,325,82,136,36.2638940195,-86.7162084879,"(36.2638940195, -86.7162084879)"
19-20,High School,550,Maplewood High,445,37216,,,,,,,,,,,,220,207,253,133,,10,576,170,,57,414,399,468,148,167,36.2327519801,-86.7503393689,"(36.2327519801, -86.7503393689)"
19-20,Middle School,100,Margaret Allen Middle,450,37210,,,,,,,,98,109,145,137,,,,,1,11,216,184,1,76,242,247,212,53,228,36.1460623437,-86.721646171,"(36.1460623437, -86.721646171)"
19-20,High School,497,Martin Luther King Jr School,456,37203,,,,,,,,,,156,145,267,253,229,232,,126,498,111,1,546,643,639,124,24,24,36.1616756426,-86.8004738094,"(36.1616756426, -86.8004738094)"
19-20,Elementary School,682,May Werthan Shayne Elementary School,608,37211,8,20,153,160,121,162,139,,,,,,,,,,75,188,81,4,415,389,374,161,80,163,36.0210311721,-86.7146311916,"(36.0210311721, -86.7146311916)"
19-20,Elementary School,530,McGavock Elementary,465,37214,,19,48,50,54,51,52,,,,,,,,,,8,83,109,,74,142,132,122,29,98,36.1605589982,-86.6810349428,"(36.1605589982, -86.6810349428)"
19-20,High School,532,McGavock High,470,37214,,,,,,,,,,,,634,558,591,536,6,56,966,430,5,856,1146,1173,793,304,244,36.1854431861,-86.6778493538,"(36.1854431861, -86.6778493538)"
19-20,Middle School,540,McMurray Middle,480,37211,,,,,,,,201,190,200,200,,,,,1,83,123,508,,76,437,354,346,91,545,36.0563796098,-86.7236924979,"(36.0563796098, -86.7236924979)"
19-20,Middle School,555,Meigs Middle,330,37206,,,,,,,,172,173,174,175,,,,,1,67,184,54,,388,335,359,52,24,26,36.1763639882,-86.760880188,"(36.1763639882, -86.760880188)"
19-20,Non-Traditional,748,Metro Nashville Virtual School,3,37209,,,,,,,,,3,8,104,19,40,102,120,1,15,205,37,,138,162,234,112,36,14,36.1501214104,-86.8453830588,"(36.1501214104, -86.8453830588)"
19-20,High School,562,Middle College High,437,37209,,,,,,,,,,,,76,60,,48,1,10,81,22,,70,89,95,31,10,12,36.1346991446,-86.8571169258,"(36.1346991446, -86.8571169258)"
19-20,Middle School,535,Moses McKissack Middle,35,37209,,,,,,,,89,65,82,64,,,,,,,267,20,,13,161,139,221,82,17,36.1598989391,-86.8319415791,"(36.1598989391, -86.8319415791)"
19-20,Elementary School,576,Mt. View Elementary,493,37013,2,52,125,115,129,129,144,,,,,,,,,1,35,247,210,2,201,349,347,218,56,247,36.0418590581,-86.6045976768,"(36.0418590581, -86.6045976768)"
19-20,Special Education,585,Murrell School,505,37210,,,,,6,10,5,10,3,7,1,,,,,,,28,3,,11,35,7,29,41,3,36.137548849,-86.7900214161,"(36.137548849, -86.7900214161)"
19-20,Elementary School,590,Napier Elementary,510,37210,5,38,45,61,52,50,52,,,,,,,,,2,,276,17,,8,145,158,258,49,16,36.1500211684,-86.7563991118,"(36.1500211684, -86.7563991118)"
19-20,Charter,589,Nashville Academy of Computer Science,8055,37207,,,,,,,,43,59,58,64,,,,,3,,169,32,,20,131,93,116,53,23,36.2349642714,-86.78246535,"(36.2349642714, -86.78246535)"
19-20,Non-Traditional,142,Nashville Big Picture High School,53,37209,,,,,,,,,,,,50,30,47,24,,1,105,14,,31,63,88,42,23,3,36.1430883067,-86.8557148572,"(36.1430883067, -86.8557148572)"
19-20,Charter,592,Nashville Classical,8044,37206,,,72,63,66,66,63,60,52,,,,,,,1,3,289,35,,114,228,214,143,58,16,36.1799726463,-86.7460731124,"(36.1799726463, -86.7460731124)"
19-20,Charter,594,Nashville Prep,8008,37209,,,,,,,,65,72,81,67,,,,,1,7,149,112,1,15,148,137,146,46,90,36.1623058663,-86.8553317868,"(36.1623058663, -86.8553317868)"
19-20,High School,242,Nashville School Of The Arts,512,37210,,,,,,,,,,,,172,141,133,136,,16,238,40,,288,175,407,77,52,8,36.1329133192,-86.7405001865,"(36.1329133192, -86.7405001865)"
19-20,Charter,601,Neelys Bend College Prep,6000,37115,,,,,,,,113,146,117,129,,,,,,3,203,230,,69,278,227,243,4,188,36.2419079199,-86.674230711,"(36.2419079199, -86.674230711)"
19-20,Elementary School,595,Neelys Bend Elementary,515,37115,,20,57,53,64,50,57,,,,,,,,,,,104,147,,50,155,146,152,32,100,36.2399690605,-86.6735175002,"(36.2399690605, -86.6735175002)"
19-20,Elementary School,145,Norman Binkley Elementary,525,37211,3,31,108,137,101,108,116,,,,,,,,,,42,70,311,2,179,293,311,238,63,320,36.076976208,-86.7484948034,"(36.076976208, -86.7484948034)"
19-20,Elementary School,610,Old Center Elementary,535,37072,,36,58,62,64,69,70,,,,,,,,,,3,170,129,,57,176,183,160,49,85,36.2912097239,-86.7379489567,"(36.2912097239, -86.7379489567)"
19-20,Elementary School,618,Paragon Mills Elementary,540,37211,10,67,100,110,118,110,96,,,,,,,,,,65,158,309,,79,310,301,289,59,309,36.087419407,-86.7070560977,"(36.087419407, -86.7070560977)"
19-20,Elementary School,620,Park Avenue Elementary,545,37209,8,23,69,56,58,57,56,,,,,,,,,1,,297,16,,13,158,169,220,48,14,36.1510157044,-86.8296779019,"(36.1510157044, -86.8296779019)"
19-20,High School,632,Pearl-Cohn High,555,37208,,,,,,,,,,,,181,169,143,159,,1,606,30,,15,322,330,435,139,26,36.1645403992,-86.815136164,"(36.1645403992, -86.815136164)"
19-20,Elementary School,640,Pennington Elementary,565,37214,1,17,54,49,50,59,60,,,,,,,,,4,5,49,63,,169,162,128,68,28,37,36.2033663873,-86.6814273247,"(36.2033663873, -86.6814273247)"
19-20,Elementary School,650,Percy Priest Elementary,570,37215,,,109,88,102,101,96,,,,,,,,,3,27,18,21,2,425,257,239,7,29,6,36.0615871471,-86.8336952185,"(36.0615871471, -86.8336952185)"
19-20,Charter,652,Purpose Prep,8046,37228,,,76,94,66,64,57,,,,,,,,,2,,319,9,,27,171,186,129,18,17,36.1942880381,-86.7946999618,"(36.1942880381, -86.7946999618)"
19-20,Charter,660,RePublic High School,8100,37207,,,,,,,,,,,,232,197,109,105,1,4,356,225,,57,319,324,224,84,99,36.2420998862,-86.7793092615,"(36.2420998862, -86.7793092615)"
19-20,Elementary School,784,Robert Churchwell Elementary,618,37208,,16,59,46,61,55,61,,,,,,,,,1,,287,8,,2,150,148,239,43,10,36.1753538423,-86.8094236992,"(36.1753538423, -86.8094236992)"
19-20,Elementary School,500,Robert E. Lillard Elementary,420,37218,,,45,48,42,44,52,,,,,,,,,,,221,6,,4,117,114,154,35,5,36.2205723388,-86.8269077667,"(36.2205723388, -86.8269077667)"
19-20,Charter,667,Rocketship Nashville Northeast Elementary,8050,37207,,,126,107,82,99,89,,,,,,,,,4,,368,117,,14,248,255,340,68,78,36.2136492726,-86.7654223968,"(36.2136492726, -86.7654223968)"
19-20,Charter,668,Rocketship United,8070,37217,,,102,115,109,110,116,,,,,,,,,1,3,229,260,,59,252,300,242,53,256,36.1304768556,-86.7248661795,"(36.1304768556, -86.7248661795)"
19-20,Middle School,675,Rose Park Middle,595,37203,,,,,,,,116,116,108,102,,,,,,16,284,37,,105,226,216,89,32,48,36.1424058913,-86.7813145165,"(36.1424058913, -86.7813145165)"
19-20,Elementary School,670,Rosebank Elementary,600,37206,1,39,80,67,53,46,35,,,,,,,,,,7,195,25,,94,164,157,127,39,10,36.1839805189,-86.7177769703,"(36.1839805189, -86.7177769703)"
19-20,Elementary School,681,Ross Early Learning Center,7015,37206,24,198,,,,,,,,,,,,,,,2,107,18,,95,111,111,62,49,,36.1798601253,-86.7545481099,"(36.1798601253, -86.7545481099)"
19-20,Elementary School,522,Ruby Major Elementary,607,37076,,33,81,94,84,105,88,,,,,,,,,3,16,222,74,1,169,263,222,158,63,58,36.1561669093,-86.5786577126,"(36.1561669093, -86.5786577126)"
19-20,Elementary School,685,Shwab Elementary,610,37207,6,43,55,52,59,65,59,,,,,,,,,,1,97,201,,40,186,153,155,54,149,36.1999066318,-86.7707922912,"(36.1999066318, -86.7707922912)"
19-20,Elementary School,686,Smith Springs Elementary School,750,37013,32,64,110,115,100,100,109,,,,,,,,,,16,247,184,,183,333,297,213,110,124,36.0823638291,-86.5954847785,"(36.0823638291, -86.5954847785)"
19-20,Charter,687,Smithson Craighead Academy,8001,37115,,,52,40,34,38,43,,,,,,,,,,,95,97,1,14,100,107,101,27,54,36.2510250701,-86.6966199613,"(36.2510250701, -86.6966199613)"
19-20,Elementary School,690,Stanford Elementary,615,37214,54,56,62,65,58,56,53,,,,,,,,,6,25,107,41,1,224,212,192,66,39,23,36.1760762784,-86.6823175115,"(36.1760762784, -86.6823175115)"
19-20,Charter,695,STEM Prep Academy,8006,37210,,,,,,,,138,127,133,122,,,,,1,10,70,268,,171,275,245,203,44,359,36.1351446302,-86.7386061567,"(36.1351446302, -86.7386061567)"
19-20,Charter,696,STEM Prep High School,8075,37210,,,,,,,,,,,,147,128,110,91,1,12,77,271,,115,258,218,154,36,196,36.1354168461,-86.7386223689,"(36.1354168461, -86.7386223689)"
19-20,High School,705,Stratford STEM Magnet School,620,37216,,,,,,,,70,85,80,81,160,178,169,147,2,25,671,108,,164,553,417,563,173,131,36.1975898577,-86.7180671344,"(36.1975898577, -86.7180671344)"
19-20,Elementary School,710,Stratton Elementary,625,37115,,17,91,96,90,107,98,,,,,,,,,1,6,180,229,,83,234,265,248,58,193,36.2656026682,-86.7176823287,"(36.2656026682, -86.7176823287)"
19-20,Charter,712,Strive Collegiate Academy,8090,37214,,,,,,,,109,105,93,77,,,,,,11,166,103,1,103,199,185,118,47,89,36.1788359554,-86.6432213808,"(36.1788359554, -86.6432213808)"
19-20,Elementary School,715,Sylvan Park Elementary,630,37209,,,89,92,79,89,77,,,,,,,,,,11,134,19,3,259,228,198,62,60,9,36.1442237082,-86.8445950436,"(36.1442237082, -86.8445950436)"
19-20,Non-Traditional,422,The Academy at Hickory Hollow,720,37013,,,,,,,,,,,,,,,78,,5,20,38,,15,40,38,22,4,20,36.0503997998,-86.6548197259,"(36.0503997998, -86.6548197259)"
19-20,Non-Traditional,211,The Academy at Old Cockrill,614,37209,,,,,,,,,,,,,,,69,,,50,7,,12,30,39,35,9,5,36.1547218751,-86.8455535663,"(36.1547218751, -86.8455535663)"
19-20,Non-Traditional,613,The Academy at Opry Mills,612,37214,,,,,,,,,,,,,,,51,,2,18,14,,17,26,25,17,3,7,36.2027005721,-86.6920792353,"(36.2027005721, -86.6920792353)"
19-20,Non-Traditional - Hybrid,718,The Cohn Learning Center,745,37209,,,,,,,,,,,,,10,51,,,,49,6,,6,28,33,41,14,,36.1507089234,-86.8451990752,"(36.1507089234, -86.8451990752)"
19-20,Elementary School,575,Thomas A. Edison Elementary,208,37013,1,31,153,138,163,160,155,,,,,,,,,1,18,282,235,1,264,423,378,292,70,335,36.0628845281,-86.6046383659,"(36.0628845281, -86.6046383659)"
19-20,Middle School,551,Thurgood Marshall Middle,633,37013,,,,,,,,222,247,246,244,,,,,2,63,389,336,,169,494,465,330,128,372,36.0223005992,-86.6612707661,"(36.0223005992, -86.6612707661)"
19-20,Elementary School,495,Tom Joy Elementary,635,37207,,39,75,58,59,65,68,,,,,,,,,,3,198,108,1,54,185,179,233,42,83,36.2086474873,-86.7566230238,"(36.2086474873, -86.7566230238)"
19-20,Alternative Learning Center,117,Transitions at Bass,725,37209,,,,,,,,,,,,,,,1,,,1,,,,1,,,,,36.1549780692,-86.8520459267,"(36.1549780692, -86.8520459267)"
19-20,Elementary School,717,Tulip Grove Elementary,637,37076,5,37,92,110,82,101,105,,,,,,,,,4,19,196,138,,175,280,252,187,100,92,36.1984960718,-86.610888928,"(36.1984960718, -86.610888928)"
19-20,Elementary School,725,Tusculum Elementary,645,37211,3,60,158,154,134,143,143,,,,,,,,,1,89,129,480,,95,408,387,360,54,516,36.0622421154,-86.7189946606,"(36.0622421154, -86.7189946606)"
19-20,Middle School,730,Two Rivers Middle,650,37214,,,,,,,,88,121,96,107,,,,,1,6,181,110,1,113,202,210,205,60,116,36.194467241,-86.6739737732,"(36.194467241, -86.6739737732)"
19-20,Elementary School,735,Una Elementary,655,37217,,40,122,126,153,142,131,,,,,,,,,,21,204,253,,236,361,353,244,57,334,36.0950303613,-86.6528803773,"(36.0950303613, -86.6528803773)"
19-20,Charter,743,Valor Flagship Academy,8045,37211,,,,,,,,124,130,126,122,239,208,,,,59,143,194,4,549,475,474,245,91,233,36.0708005834,-86.725494633,"(36.0708005834, -86.725494633)"
19-20,Charter,744,Valor Voyager Academy,8080,37211,,,,,,,,124,129,121,128,,,,,,24,77,142,,258,245,257,138,61,163,36.0706506329,-86.7250511979,"(36.0706506329, -86.7250511979)"
19-20,Adult,114,W. A. Bass Adult Program,125,37209,,,,,,,,,,,,9,38,45,202,2,10,197,40,1,44,139,155,120,62,68,36.1540731279,-86.8518765886,"(36.1540731279, -86.8518765886)"
19-20,Alternative Learning Center,116,W.A. Bass Alternative Learning Center,126,37209,,,,,,,,,,,,9,18,22,20,,1,54,6,,8,44,25,41,19,4,36.1545841136,-86.8510016583,"(36.1545841136, -86.8510016583)"
19-20,Elementary School,755,Warner Elementary,675,37206,2,29,44,33,44,28,36,,,,,,,,,,1,179,14,2,20,115,101,169,37,24,36.1720753383,-86.7600969964,"(36.1720753383, -86.7600969964)"
19-20,Elementary School,765,Waverly-Belmont Elementary School,755,37204,,,96,118,94,108,86,,,,,,,,,1,16,207,20,,258,257,245,110,67,11,36.1264618728,-86.7866295627,"(36.1264618728, -86.7866295627)"
19-20,Middle School,770,West End Middle,690,37205,,,,,,,,123,137,135,105,,,,,1,21,204,25,1,248,261,239,101,112,25,36.131974712,-86.8243226532,"(36.131974712, -86.8243226532)"
19-20,Elementary School,775,Westmeade Elementary,695,37205,,,74,97,82,89,81,,,,,,,,,2,24,140,73,1,183,241,182,116,46,65,36.0919967834,-86.8941366526,"(36.0919967834, -86.8941366526)"
19-20,High School,787,Whites Creek High School,704,37189,,,,,,,,,,,,134,106,142,129,,,419,28,1,63,260,251,277,104,18,36.2766453173,-86.8188329872,"(36.2766453173, -86.8188329872)"
19-20,Middle School,612,William Henry Oliver Middle,538,37211,,,,,,,,231,269,235,238,,,,,2,75,307,154,3,432,487,486,227,113,224,36.0201739757,-86.7122071016,"(36.0201739757, -86.7122071016)"
19-20,Middle School,805,Wright Middle,715,37211,,,,,,,,183,212,216,193,,,,,,36,139,522,1,106,442,362,364,82,527,36.1001088774,-86.7341334228,"(36.1001088774, -86.7341334228)"
